7021,ExampleData,63
8021,ExampleData,26
9021,ExampleData,87
10021,ExampleData,31
11021,ExampleData,97
12021,ExampleData,66
13021,ExampleData,74
14021,ExampleData,54
15021,ExampleData,65
16021,ExampleData,59
17021,ExampleData,90
18021,ExampleData,83
19021,ExampleData,41
20021,ExampleData,88
21021,ExampleData,42
22021,ExampleData,35
23021,ExampleData,98
24021,ExampleData,59
25021,ExampleData,38
26021,ExampleData,98
27021,ExampleData,32
28021,ExampleData,54
29021,ExampleData,46
30021,ExampleData,96
31021,ExampleData,84
32021,ExampleData,54
33021,ExampleData,31
34021,ExampleData,46
35021,ExampleData,99
36021,ExampleData,62
37021,ExampleData,91
38021,ExampleData,26
39021,ExampleData,68
40021,ExampleData,50
41021,ExampleData,39
42021,ExampleData,28
43021,ExampleData,75
44021,ExampleData,88
45021,ExampleData,35
46021,ExampleData,25
47021,ExampleData,74
48021,ExampleData,38
49021,ExampleData,66
